StudentID,FullName,FailedSubjects
47462,"Dixie Cook",2
34547,"Carmen Bean",2
14903,"Sophia Jones",2
32639,"Zane Keller",2
85871,"Olivia Brown",2
60233,"Amelia Harris",2
42123,"Emily King",2
13471,"Winnie Chandler",3
105602,"Eusebio Ortiz",2
58939,"James Taylor",2
3486,"Grover Solis",2
4410,"Rochelle Todd",2
21861,"Darrell Cantrell",2
66786,"Elinor Diaz",2
44657,"Evangeline Hunt",2
48293,"Hoyt Matthews",2
62190,"Mia Moore",2
93577,"Willa Mann",2
51093,"Harper Jones",2
52033,"Mia Rivera",2
58291,"Craig Gilmore",2
72007,"Benjamin Flores",2
81051,"Ava Lee",2
38401,"Sondra Pratt",2
18637,"Faustino Blackburn",2
92242,"Vernon Rojas",2
47436,"Estella Murphy",2
75042,"Camila Ramirez",2
45795,"Manual Riggs",2
44123,"Emma Jackson",2
48755,"Pablo Mcfarland",2
61164,"Avery Hernandez",2
91152,"Wyatt Miller",2
28961,"Isabella Thomas",2
79903,"James Garcia",2
84874,"Olivia Hernandez",2
83665,"Elmer Hughes",2
49703,"Donnie Levy",2
72003,"Theodore Torres",2
35481,"Leopoldo Guerra",2
92009,"Camila Clark",2
89969,"Emma Davis",2
50825,"Fred Gordon",2
30045,"Theodore Torres",2
21459,"Walton English",2
86237,"Dora Carlson",3
79371,"Hank Levy",2
90807,"Nora Dickson",2
30429,"Naomi Proctor",2
105955,"Logan Carter",2
40184,"Emma Clark",2
89900,"Isabella Thomas",2
33203,"Noah Lee",2
77667,"Arnold Kim",2
91375,"Johnathan Garrett",2
60159,"Amelia Brown",2
104793,"Nora Dickson",2
54041,"Isabella Walker",2
40600,"Bud Anderson",2
62898,"Sophia Thomas",2
4192,"Sophia Jones",2
13404,"Kerri Costa",2
53839,"Gabriel Hardin",2
79398,"Marion Roach",2
96119,"Sofia Green",2
88526,"Corey Andrade",3
83803,"Malcom Copeland",2
100227,"Teodoro Buck",2
57443,"Johnson Lloyd",2
35465,"Johnson Lloyd",2
12085,"Emily Garcia",2
76157,"Aria Martinez",2
78501,"Kristine Potter",2
6659,"Lucy Hughes",2
45025,"Matthew Thompson",2
37637,"Bennett Livingston",2
24565,"Cruz Campbell",2
64962,"Emily Thomas",2
101679,"Monty Baird",2
95787,"Darrell Cantrell",2
64012,"Ava Moore",2
87441,"Ali Knox",2
98183,"Evelyn Robinson",2
23546,"Tamika Carroll",2
51479,"Natalia Ortiz",2
98187,"Theodore Young",2
102642,"Arnold Kim",2
84772,"Refugio Ryan",2
59031,"Liam Hernandez",3
105809,"Benjamin Williams",2
19831,"Carmelo Boone",2
13019,"Oliver Robinson",2
107070,"Evelyn Johnson",3
13737,"Brianna Sellers",2
70119,"Charlotte Wright",2
56163,"Amelia Brown",2
83775,"Ed Moss",2
53632,"Latonya Landry",2
81712,"Sherri Gibson",2
36019,"William Martin",3
62880,"Noah Martin",2
76024,"Lucas Rodriguez",2
95202,"Sebastian Campbell",2
108185,"Amelia Harris",2
52947,"Benjamin Jones",2
81971,"Benjamin Hill",2
100762,"Reggie Kennedy",2
51656,"Eusebio Ortiz",2
94673,"Janice Delgado",2
66210,"Samuel Wilson",2
72225,"Sebastian Campbell",2
23477,"Johnson Lloyd",2
42551,"Tanya Bradford",2
41996,"Sophia Walker",2
17388,"Rosalind Cortez",2
2925,"Evelyn Smith",2
47297,"Forest Lloyd",2
63204,"Daniel Lewis",2
101839,"William Hernandez",2
83916,"Benjamin Jones",2
35127,"Benjamin King",2
90,"Liam Hernandez",2
75346,"Shirley Velazquez",2
10619,"Lamont Torres",2
47596,"Yong Gilmore",2
2704,"Deanna Wood",2
96391,"Velma Cunningham",2
66031,"Emily Garcia",2
9418,"Briana Ruiz",2
56055,"Mason Rodriguez",2
25230,"Sofia Clark",2
75891,"Lucas Lopez",2
93339,"Angelica Hayes",2
67157,"Emma Clark",2
67755,"Dorsey Irwin",2
52582,"Ernest Becker",2
103662,"Blair Moody",2
41410,"Alfred Obrien",2
28684,"Alana Malone",2
34317,"Christy Duran",2
70006,"Ava Moore",2
52011,"Oliver Mitchell",2
54768,"Dorsey Irwin",2
89259,"Otis Park",2
27135,"Benjamin King",2
22303,"Martha Oconnell",2
55012,"Jack Martin",2
27128,"Elijah Martinez",2
44800,"Ada Schmitt",2
54276,"Kerry Patton",2
61736,"Marvin Lynn",2
84644,"Rosemarie Estrada",2
32858,"Nikki Cardenas",2
72834,"Harper Anderson",2
61908,"Harper Brown",2
43018,"Logan Carter",2
54465,"Eugene Wall",2
56418,"Sydney Farrell",2
58367,"Owen Schwartz",2
37213,"Wyatt Nguyen",2
5908,"Elijah Miller",2
11098,"Evelyn Moore",2
63082,"Olivia Perez",2
85304,"Lakeisha Cruz",2
52010,"Noah Martin",2
88433,"Young Aguirre",2
26473,"Norman Larsen",2
26313,"Lynwood Hester",2
7184,"Avery Nguyen",2
74446,"Tommie Esparza",2
52553,"Michale Vang",2
4729,"Nick Hoffman",2
53658,"Sallie Proctor",2
56478,"Ronald Washington",2
94611,"Lionel Dyer",2
22118,"Oliver Flores",2
59354,"Chang Walter",2
13304,"Arnulfo Forbes",2
70512,"Eileen Whitaker",2
94764,"Ed Moss",2
102940,"Sebastian King",2
104116,"Elijah White",2
71939,"Ethan Davis",2
63546,"Christian Kim",2
81945,"Emily Thomas",2
100039,"Luna Thompson",2
20252,"Mia Johnson",2
30698,"Rosemarie Estrada",2
55438,"Kristina Valentine",2
83783,"Nolan Snyder",2
6725,"Susanne Diaz",2
48031,"Benjamin Flores",2
46341,"Lucinda Raymond",2
82393,"Thad Barr",2
90716,"Belinda Mack",2
106791,"Nora Dickson",2
12356,"Brad Christian",2
103896,"Benjamin Jones",2
79149,"Emily Smith",2
91774,"Lillian Ewing",2
41171,"Amelia Lee",2
36421,"Riley Austin",2
82350,"Angelica Hayes",2
88658,"Kimberley Pruitt",2
81001,"Mason Torres",2
39793,"Pat Mayo",2
14530,"Annie Guzman",2
81222,"Michael Scott",2
34000,"Mila Lopez",2
4203,"Ava Robinson",2
95370,"Pearlie Lynn",2
69251,"Ivy Byrd",2
87872,"Amelia Williams",2
65265,"Kerry Patton",2
83583,"Renaldo Briggs",2
851,"Gonzalo Lawrence",2
7271,"Michael Rodriguez",2
100671,"Chase Patton",2
107246,"Wilma Torres",2
41390,"Mollie Perez",2
30866,"Lola Floyd",2
12498,"Jennifer Pearson",2
44790,"Noelle Burns",2
11452,"Dustin Mcbride",2
42056,"Jackson Harris",2
53622,"Arthur Bailey",2
62795,"Frankie Shah",3
26976,"Isabella Lopez",2
18996,"John Ramirez",2
73629,"Darrick Case",2
14662,"Glenda Kent",2
100407,"Terrence Hoover",2
41024,"Ava Young",2
36977,"Isabella Thompson",2
90489,"Kristine Potter",2
31313,"Forest Lloyd",2
39325,"Manuel Horton",2
53353,"Melinda Watts",2
103121,"Emma Clark",2
105234,"Lynwood Hester",2
83989,"Alexander Hernandez",2
106048,"Alexander Wright",2
76835,"Olivia Johnson",2
77940,"Camila Wright",3
7288,"Owen Garcia",2
14968,"James Garcia",2
36196,"Ava Davis",2
88209,"Sebastian Campbell",2
88643,"Susanne Diaz",2
20647,"Jackie Mccoy",2
31522,"Malinda Williamson",2
85192,"Levi Perez",2
95283,"Eduardo Cervantes",2
2025,"Emily Thomas",3
106498,"Shawn Carson",2
68029,"Emily Garcia",2
105464,"Tamika Carroll",2
40143,"Ethan Baker",2
14458,"Jermaine Serrano",2
105365,"Adolph Braun",2
21489,"Jennifer Pearson",3
21190,"Amelia Miller",2
91917,"Jack Martinez",2
92213,"Agustin Sanders",2
25929,"Emma Jackson",2
3434,"Ivory Morrow",2
32337,"Alma Rosales",2
82837,"Ethan Davis",3
58172,"Jack Lee",2
60797,"Frankie Shah",2
52448,"Johnson Lloyd",2
50743,"Sherri Gibson",2
40271,"James Garcia",2
35128,"Sophia Brown",2
75566,"Katherine Daniels",2
76186,"Elijah King",2
4473,"Marion Roach",2
93412,"Anton Cabrera",2
89429,"Lloyd Sherman",2
27961,"James Garcia",2
72245,"Arnulfo Forbes",2
86646,"Bernadette Estes",2
82556,"Cornelius Hinton",2
105637,"Brad Jefferson",2
9864,"Violet Hayes",2
100664,"Tamara Olson",2
10119,"Henry Gonzalez",2
23443,"Johnathan Garrett",2
105078,"Ethan Baker",2
11071,"Mason Torres",2
72092,"Luna Rivera",2
39872,"Olivia Johnson",2
22176,"Ella Garcia",2
73213,"Jackson Johnson",2
36714,"Brianna Sellers",2
40702,"Brad Jefferson",2
41457,"Ernestine Rollins",2
40444,"Winnie Chandler",2
60566,"Arnulfo Huff",2
6966,"Harper Brown",2
13697,"Nola Morrison",2
65523,"Efren Wilkins",2
67490,"Reba Mcgrath",2
93173,"Jacob Gonzalez",2
28044,"Sophia Lopez",2
75251,"Erma Mason",2
6443,"Courtney Kline",2
108783,"Isaiah Gutierrez",2
72804,"Cecil Shannon",2
88718,"Belinda Mack",2
103361,"Muriel Gamble",2
91205,"John Garcia",2
40710,"Brianna Sellers",2
50714,"Tamara Olson",2
26438,"Muriel Gamble",2
82829,"Olivia Johnson",2
76190,"Jacob Gonzalez",2
41838,"Josefa Erickson",2
54492,"Boris Reeves",2
41813,"Lucio Benitez",2
13065,"Aiden Hill",2
44501,"Jeanette Mooney",2
41720,"Sandy Singh",2
10762,"Herman Sutton",2
18202,"Elijah White",2
26327,"Wilma Torres",2
97501,"Toney Wilson",2
10630,"Bud Anderson",2
68425,"Kristina Valentine",2
58900,"Olivia Hernandez",3
16919,"Emma Jones",2
25195,"Elijah White",2
74813,"Percy Shelton",2
44038,"Mason Torres",2
51512,"Darlene Guerrero",2
76199,"James Martin",2
13021,"Mila Lopez",2
88098,"Amelia Smith",2
17678,"Jimmie Jacobson",2
20015,"Sebastian Nguyen",2
4575,"Kristine Potter",2
61016,"Aria Moore",2
40697,"Lolita Bartlett",2
