FacultyID,Lastname,firstname,middleInitial,Email,Contact,SubjectID
12,Naz,"Vince Angelo",E,vinceangelo.naz@school.edu,639876859302,5
13,Agsunod,Jerry,B,jerry.agsunod@school.edu,632987621353,1
14,Perete,Paulo,Ll,paulo.perete@school.edu,639857282812,2
15,Guillermo,Red,V,red.guillermo@school.edu,632987698764,3
16,Arispe,"Maria Charmy",A,maricharmy.arispe@school.edu,632987667890,6
17,Dorosan,Blessica,B,blessica.dorosan@school.edu,632987621353,1
18,Causapin,Suzanne,S,suzanne.causapin@school.edu,632987654321,7
19,Botin,Khristine,A,khristine.botin@school.edu,632987609876,8
20,Aganan,"Jorge Sulpicio",S,jorgesulpicio.aganan@school.edu,632987687592,1
21,Ariño,"Mary Antoniette",S,maryantoniette.ariño@school.edu,632987687649,3
22,Carinan,Joseph,L,joseph.carinan@school.edu,634563799365,5
23,Platon,Arnold,B,arnold.platon@school.edu,636917941089,2
