SubjectID,SubjectName,Description
1,Ethics,"Ethics is the philosophical discipline concerned with what is morally good and bad, and morally right and wrong."
2,"Web System","A web system is an online software that allows interaction and information sharing between users and businesses."
3,"Environemental Science","Environmental science is an interdisciplinary field that studies the interactions between the physical, chemical, and biological components of the environment."
4,"Computer Programming 1","Computer programming or coding is the composition of sequences of instructions, called programs, that computers can follow to perform tasks."
5,"Computer Programming 2","Computer programming, often referred to as coding, is the process of creating a set of instructions that a computer can follow to perform specific tasks."
6,"Data Structure and Algorithms","DSA (Data Structures and Algorithms) is the study of organizing data efficiently using data structures like arrays, stacks, and trees, paired with step-by-step procedures (or algorithms) to solve problems effectively."
7,"Fundamentals of Programming","Programming is the process of creating a set of instructions that a computer can execute to perform specific tasks."
8,"Professional Issues in Inforamation System","The document discusses several ethical and social issues related to information systems, including privacy, intellectual property, accountability and liability, system quality, and health risks."
